state,pincode,avg_bio_rate,anomaly_count,zero_count,months_observed,zero_ratio,anomaly_ratio,risk_score
assam,785013,0.0,1,1,1,1.0,1.0,1.0
assam,784171,0.08403361344537816,0,0,1,0.0,0.0,0.1844961240310078
assam,786187,0.125,0,0,1,0.0,0.0,0.17777777777777778
assam,781022,0.3145634629493763,2,0,4,0.0,0.5,0.30214176084833266
assam,784502,0.35294117647058826,0,0,1,0.0,0.0,0.14782608695652175
assam,785667,0.425,0,0,2,0.0,0.0,0.14035087719298245
assam,787110,0.6153846153846154,0,0,1,0.0,0.0,0.12380952380952381
assam,786183,0.6551724137931034,0,0,1,0.0,0.0,0.12083333333333333
assam,784113,0.6873977086743044,0,0,2,0.0,0.0,0.11852570320077596
assam,785613,0.7083333333333333,0,0,2,0.0,0.0,0.11707317073170734
assam,784105,0.8125,0,0,1,0.0,0.0,0.1103448275862069
assam,785603,0.8232800608828006,0,0,5,0.0,0.0,0.10969241878461802
assam,781019,0.8793692022263452,2,0,5,0.0,0.4,0.22641868546269422
assam,784102,0.9333333333333333,0,0,1,0.0,0.0,0.10344827586206898
assam,785663,0.9848484848484849,0,0,2,0.0,0.0,0.10076335877862595
assam,785665,1.0,0,0,2,0.0,0.0,0.1
assam,785704,1.0,0,0,3,0.0,0.0,0.1
assam,781036,1.0064102564102564,1,1,5,0.2,0.2,0.25968051118210866
assam,781027,1.1,0,0,2,0.0,0.0,0.09523809523809523
assam,785701,1.125,0,0,2,0.0,0.0,0.09411764705882353
assam,786150,1.1401515151515151,0,0,2,0.0,0.0,0.09345132743362833
assam,785664,1.1458333333333335,0,0,2,0.0,0.0,0.09320388349514563
assam,785697,1.1708333333333334,0,0,4,0.0,0.0,0.09213051823416507
assam,785666,1.2,0,0,2,0.0,0.0,0.09090909090909091
assam,786611,1.2361895351025787,0,0,4,0.0,0.0,0.08943785706019128
assam,784103,1.2991071428571428,0,0,2,0.0,0.0,0.08699029126213592
assam,781037,1.345029239766082,1,0,3,0.0,0.3333333333333333,0.185286783042394
assam,786612,1.3548775873985959,0,0,5,0.0,0.0,0.08493010467730408
assam,786623,1.4,0,0,1,0.0,0.0,0.08333333333333334
assam,786621,1.4523809523809526,0,0,2,0.0,0.0,0.08155339805825243
assam,781013,1.5,0,0,2,0.0,0.0,0.08000000000000002
assam,785007,1.5,0,0,2,0.0,0.0,0.08000000000000002
assam,785111,1.5,0,0,1,0.0,0.0,0.08000000000000002
assam,785602,1.6066354077863028,0,0,4,0.0,0.0,0.07672726281649452
assam,781024,1.6071428571428572,1,0,4,0.0,0.25,0.1517123287671233
assam,785680,1.6470588235294117,0,0,1,0.0,0.0,0.07555555555555556
assam,781122,1.6923076923076923,0,0,1,0.0,0.0,0.07428571428571427
assam,785615,1.7425174225088413,0,0,4,0.0,0.0,0.07292569897953137
assam,781129,1.8,0,0,1,0.0,0.0,0.07142857142857144
assam,785014,1.8,0,0,1,0.0,0.0,0.07142857142857144
assam,781038,1.8313782991202345,0,0,3,0.0,0.0,0.07063697566027966
assam,788102,1.8928571428571428,1,0,4,0.0,0.25,0.1441358024691358
assam,781338,1.9166666666666667,1,1,3,0.3333333333333333,0.3333333333333333,0.3352380952380952
assam,781135,1.9458333333333335,0,0,3,0.0,0.0,0.06789250353606789
assam,785688,2.0,0,0,2,0.0,0.0,0.06666666666666667
assam,781120,2.0300000000000002,0,0,2,0.0,0.0,0.06600660066006601
assam,785612,2.053373121075931,0,0,6,0.0,0.0,0.06550132986351996
assam,781367,2.096774193548387,0,0,1,0.0,0.0,0.06458333333333334
assam,786191,2.1219949874686717,0,0,5,0.0,0.0,0.06406160189326919
assam,788103,2.125,0,0,1,0.0,0.0,0.064
assam,786188,2.3147727272727274,0,0,4,0.0,0.0,0.06033596160438807
assam,785699,2.340909090909091,0,0,2,0.0,0.0,0.0598639455782313
assam,781381,2.3444444444444446,0,0,3,0.0,0.0,0.059800664451827246
assam,785610,2.373015873015873,0,0,3,0.0,0.0,0.059294117647058824
assam,781031,2.4,0,0,1,0.0,0.0,0.05882352941176471
assam,781004,2.466666666666667,0,0,3,0.0,0.0,0.05769230769230769
assam,786692,2.5,0,0,2,0.0,0.0,0.05714285714285714
assam,786610,2.5591310704296975,0,0,5,0.0,0.0,0.056193491063495395
assam,787035,2.5925925925925926,0,0,3,0.0,0.0,0.05567010309278351
assam,784148,2.6,0,0,1,0.0,0.0,0.05555555555555556
assam,786181,2.6186313686313687,0,0,6,0.0,0.0,0.05526951480433432
assam,781014,2.625,0,0,4,0.0,0.0,0.05517241379310345
assam,786153,2.64,0,0,2,0.0,0.0,0.054945054945054944
assam,785700,2.666666666666667,0,0,2,0.0,0.0,0.05454545454545454
assam,785001,2.7176984126984127,0,0,4,0.0,0.0,0.053796725231091094
assam,783394,2.71875,0,0,2,0.0,0.0,0.05378151260504202
assam,786156,2.7214285714285715,0,0,4,0.0,0.0,0.05374280230326296
assam,781369,2.7857142857142856,0,0,1,0.0,0.0,0.052830188679245285
assam,784182,2.789473684210526,0,0,1,0.0,0.0,0.052777777777777785
assam,785625,2.808627450980392,0,0,5,0.0,0.0,0.05251235584843492
assam,786160,2.8424242424242427,0,0,2,0.0,0.0,0.052050473186119876
assam,781005,2.892417582417582,0,0,5,0.0,0.0,0.051381948561587766
assam,781008,2.994047619047619,0,0,4,0.0,0.0,0.05007451564828615
assam,781124,3.0,0,0,1,0.0,0.0,0.05
assam,784501,3.0,0,0,1,0.0,0.0,0.05
assam,786179,3.0,1,1,2,0.5,0.5,0.45
assam,781016,3.03125,1,1,4,0.25,0.25,0.2496124031007752
assam,781380,3.0646153846153847,0,0,5,0.0,0.0,0.04920514761544285
assam,785635,3.1461789844142785,0,0,6,0.0,0.0,0.04823718434534816
assam,781343,3.2055555555555557,0,0,3,0.0,0.0,0.047556142668428
assam,788164,3.222222222222222,0,0,3,0.0,0.0,0.04736842105263159
assam,788802,3.236111111111111,0,0,8,0.0,0.0,0.04721311475409837
assam,781007,3.272222222222222,0,0,5,0.0,0.0,0.04681404421326398
assam,786154,3.2916666666666665,0,0,3,0.0,0.0,0.046601941747572824
assam,786190,3.38,0,0,2,0.0,0.0,0.04566210045662101
assam,785703,3.3833333333333337,0,0,5,0.0,0.0,0.045627376425855515
assam,784147,3.4,0,0,3,0.0,0.0,0.045454545454545456
assam,781137,3.419501133786848,0,0,2,0.0,0.0,0.0452539763981529
assam,781346,3.4833333333333334,0,0,5,0.0,0.0,0.0446096654275093
assam,781015,3.5,0,0,4,0.0,0.0,0.044444444444444446
assam,784169,3.5,0,0,4,0.0,0.0,0.044444444444444446
assam,782442,3.566666666666667,0,0,2,0.0,0.0,0.043795620437956206
assam,785676,3.583333333333333,0,0,2,0.0,0.0,0.04363636363636364
assam,787057,3.595440476681812,0,0,7,0.0,0.0,0.043521399311957185
assam,788830,3.6630862871464376,1,1,7,0.14285714285714285,0.14285714285714285,0.1571757634257634
assam,781033,3.6666666666666665,0,0,1,0.0,0.0,0.042857142857142864
assam,788109,3.6666666666666665,0,0,3,0.0,0.0,0.042857142857142864
assam,788816,3.7135897435897434,1,0,5,0.0,0.2,0.1024305064461731
assam,787060,3.760509770000444,0,0,7,0.0,0.0,0.04201230743403796
assam,781006,3.8093317972350227,1,1,7,0.14285714285714285,0.14285714285714285,0.15587153294663175
assam,785619,3.8333333333333335,0,0,3,0.0,0.0,0.041379310344827586
assam,785616,3.8594771241830066,0,0,3,0.0,0.0,0.04115669132481506
assam,786103,3.8947368421052633,0,0,3,0.0,0.0,0.04086021505376344
assam,781018,3.944444444444444,0,0,6,0.0,0.0,0.040449438202247195
assam,781131,4.0,0,0,1,0.0,0.0,0.04000000000000001
assam,781328,4.0,1,1,3,0.3333333333333333,0.3333333333333333,0.30666666666666664
assam,785008,4.0,0,0,2,0.0,0.0,0.04000000000000001
assam,784170,4.034722222222222,0,0,6,0.0,0.0,0.039724137931034485
assam,782001,4.1,1,1,5,0.2,0.2,0.1992156862745098
assam,785693,4.166666666666666,0,0,2,0.0,0.0,0.03870967741935485
assam,781339,4.208333333333334,0,0,2,0.0,0.0,0.0384
assam,781003,4.25,0,0,2,0.0,0.0,0.0380952380952381
assam,781035,4.25,0,0,3,0.0,0.0,0.0380952380952381
assam,784172,4.375,0,0,4,0.0,0.0,0.037209302325581395
assam,781141,4.495670995670996,0,0,3,0.0,0.0,0.03639228042536432
assam,782439,4.526315789473684,0,0,2,0.0,0.0,0.03619047619047619
assam,788724,4.588754180602007,0,0,4,0.0,0.0,0.03578615081947592
assam,786004,4.6,0,0,1,0.0,0.0,0.03571428571428572
assam,785634,4.616271132376395,0,0,5,0.0,0.0,0.0356108163737057
assam,784529,4.666666666666667,0,0,3,0.0,0.0,0.03529411764705882
assam,781011,4.705128205128205,0,0,3,0.0,0.0,0.0350561797752809
assam,788106,4.833333333333334,0,0,2,0.0,0.0,0.03428571428571428
assam,788098,4.897368421052631,0,0,4,0.0,0.0,0.03391343150379295
assam,785609,4.905228758169935,0,0,3,0.0,0.0,0.0338682899833979
assam,781344,4.942045454545455,1,1,5,0.2,0.2,0.19365844329699752
assam,788126,4.984126984126984,0,0,3,0.0,0.0,0.033421750663129975
assam,785684,4.990625,0,0,4,0.0,0.0,0.033385498174230574
assam,786145,5.0,0,0,2,0.0,0.0,0.03333333333333333
assam,788166,5.333333333333333,0,0,3,0.0,0.0,0.03157894736842106
assam,786152,5.451993293591654,0,0,4,0.0,0.0,0.030998172332052334
assam,781372,5.486461830677322,0,0,6,0.0,0.0,0.03083345053448281
assam,783122,5.5,0,0,1,0.0,0.0,0.03076923076923077
assam,785640,5.539182095304544,0,0,7,0.0,0.0,0.030584864756038818
assam,785633,5.555555555555556,0,0,6,0.0,0.0,0.030508474576271184
assam,784510,5.583333333333333,1,1,3,0.3333333333333333,0.3333333333333333,0.2970464135021097
assam,785101,5.625,0,0,2,0.0,0.0,0.03018867924528302
assam,785682,5.666666666666667,0,0,6,0.0,0.0,0.03
assam,781028,5.683108108108108,1,0,6,0.0,0.16666666666666666,0.07992619553129107
assam,788805,5.701515151515152,0,0,3,0.0,0.0,0.029843997286909337
assam,788161,5.725882352941176,1,0,5,0.0,0.2,0.0897358754591569
assam,781125,5.761363636363637,0,0,4,0.0,0.0,0.02957983193277311
assam,786174,5.765509259259258,0,0,6,0.0,0.0,0.02956170664111952
assam,786012,5.785714285714286,0,0,2,0.0,0.0,0.02947368421052632
assam,781335,5.788888888888889,1,1,3,0.3333333333333333,0.3333333333333333,0.296126568466994
assam,785636,6.0,0,0,3,0.0,0.0,0.02857142857142857
assam,786192,6.0,0,0,1,0.0,0.0,0.02857142857142857
assam,785010,6.0085470085470085,0,0,3,0.0,0.0,0.028536585365853656
assam,783120,6.117982456140352,0,0,4,0.0,0.0,0.0280978495286216
assam,788726,6.136363636363637,0,0,3,0.0,0.0,0.02802547770700637
assam,788804,6.1875,0,0,2,0.0,0.0,0.02782608695652174
assam,788710,6.231146304675716,0,0,6,0.0,0.0,0.027658132137456333
assam,788031,6.25,0,0,3,0.0,0.0,0.027586206896551724
assam,786602,6.260803229337712,0,0,8,0.0,0.0,0.027545161834421846
assam,781034,6.3534013605442174,1,0,7,0.0,0.14285714285714285,0.07005544065075033
assam,781364,6.375,0,0,2,0.0,0.0,0.027118644067796613
assam,784144,6.388888888888889,0,0,2,0.0,0.0,0.02706766917293233
assam,784514,6.403725316828765,0,0,10,0.0,0.0,0.027013427894927083
assam,786171,6.497147667147667,0,0,7,0.0,0.0,0.026676812153026613
assam,781020,6.502525252525253,0,0,6,0.0,0.0,0.026657691013126896
assam,781355,6.571428571428571,0,0,7,0.0,0.0,0.026415094339622643
assam,786151,6.615714531426606,0,0,5,0.0,0.0,0.026261488554316283
assam,788709,6.62172102623179,1,1,6,0.16666666666666666,0.16666666666666666,0.15957412584091227
assam,788011,6.66060606060606,0,0,3,0.0,0.0,0.02610759493670886
assam,785104,6.772727272727273,0,0,2,0.0,0.0,0.025730994152046785
assam,788117,6.805555555555556,0,0,3,0.0,0.0,0.02562277580071174
assam,781349,6.833333333333333,0,0,2,0.0,0.0,0.025531914893617027
assam,781017,6.965625,0,0,8,0.0,0.0,0.025107885445272655
assam,785692,6.984782608695652,0,0,4,0.0,0.0,0.025047644976858154
assam,781023,7.0,0,0,1,0.0,0.0,0.025
assam,781306,7.0,0,0,1,0.0,0.0,0.025
assam,788014,7.0,0,0,2,0.0,0.0,0.025
assam,788160,7.0,0,0,1,0.0,0.0,0.025
assam,788152,7.008333333333333,0,0,4,0.0,0.0,0.024973985431841834
assam,785691,7.25,0,0,2,0.0,0.0,0.024242424242424246
assam,788168,7.5,0,0,1,0.0,0.0,0.023529411764705882
assam,784507,7.554701044053985,0,0,15,0.0,0.0,0.023378958419477635
assam,788155,7.5555555555555545,1,1,3,0.3333333333333333,0.3333333333333333,0.29004329004329005
assam,786101,7.591287878787879,0,0,4,0.0,0.0,0.023279396851990652
assam,786614,7.636363636363637,0,0,3,0.0,0.0,0.023157894736842106
assam,785702,7.663995726495726,0,0,8,0.0,0.0,0.023084037240273757
assam,782482,7.677604038963065,0,0,6,0.0,0.0,0.02304783660351241
assam,788711,7.7,0,0,3,0.0,0.0,0.02298850574712644
assam,788931,7.732558139534884,0,0,2,0.0,0.0,0.022902796271637816
assam,786613,7.753225348110258,0,0,8,0.0,0.0,0.022848720562549912
assam,781101,7.757575757575758,0,0,3,0.0,0.0,0.022837370242214536
assam,786184,7.763792102206737,0,0,4,0.0,0.0,0.022821171208481737
assam,788831,7.846153846153845,0,0,5,0.0,0.0,0.022608695652173917
assam,785632,7.875,0,0,2,0.0,0.0,0.022535211267605635
assam,781021,7.879120879120879,1,1,7,0.14285714285714285,0.14285714285714285,0.13681046676096179
assam,785614,7.934710743801653,5,3,11,0.2727272727272727,0.45454545454545453,0.295111880996628
assam,788165,7.94125484496124,0,0,4,0.0,0.0,0.02236822498272803
assam,786601,7.947368421052632,0,0,2,0.0,0.0,0.02235294117647059
assam,781304,8.0,0,0,1,0.0,0.0,0.022222222222222223
assam,781347,8.1,0,0,2,0.0,0.0,0.02197802197802198
assam,788030,8.116573407180569,0,0,6,0.0,0.0,0.0219380671955619
assam,781121,8.166666666666666,0,0,3,0.0,0.0,0.02181818181818182
assam,781171,8.166666666666666,1,1,6,0.16666666666666666,0.16666666666666666,0.15515151515151515
assam,787058,8.178724053724054,0,0,12,0.0,0.0,0.021789520943148375
assam,781012,8.184389140271493,0,0,5,0.0,0.0,0.02177608079812785
assam,782403,8.190384615384616,0,0,5,0.0,0.0,0.021761874869219502
assam,785670,8.223571428571429,0,0,15,0.0,0.0,0.02168357469217068
assam,781029,8.279402985074627,2,0,6,0.0,0.3333333333333333,0.12155311072508523
assam,781030,8.5,0,0,1,0.0,0.0,0.021052631578947368
assam,781351,8.547619047619047,0,0,2,0.0,0.0,0.020947630922693267
assam,785705,8.59807223804854,0,0,7,0.0,0.0,0.02083751768476621
assam,786007,8.615384615384615,0,0,1,0.0,0.0,0.020800000000000003
assam,783134,8.625,0,0,4,0.0,0.0,0.020779220779220783
assam,784167,8.625,0,0,4,0.0,0.0,0.020779220779220783
assam,785611,8.666386554621848,0,0,5,0.0,0.0,0.020690254716161004
assam,785685,8.687176644493718,0,0,3,0.0,0.0,0.020645850420584814
assam,784164,8.833333333333332,0,0,2,0.0,0.0,0.02033898305084746
assam,788108,8.833333333333334,0,0,2,0.0,0.0,0.020338983050847456
assam,784521,8.916666666666666,0,0,2,0.0,0.0,0.020168067226890758
assam,783350,8.989279907084784,0,0,5,0.0,0.0,0.020021463194574443
assam,782490,9.0,0,0,1,0.0,0.0,0.020000000000000004
assam,788099,9.0625,0,0,4,0.0,0.0,0.01987577639751553
assam,785107,9.206349206349207,0,0,3,0.0,0.0,0.019595645412130637
assam,785621,9.324561403508772,0,0,6,0.0,0.0,0.019371282922684793
assam,784504,9.333333333333334,0,0,1,0.0,0.0,0.01935483870967742
assam,783135,9.416666666666668,0,0,4,0.0,0.0,0.0192
assam,784505,9.444444444444445,0,0,2,0.0,0.0,0.019148936170212766
assam,783376,9.47,0,0,8,0.0,0.0,0.019102196752626553
assam,784173,9.5,0,0,4,0.0,0.0,0.01904761904761905
assam,783361,9.53030303030303,0,0,2,0.0,0.0,0.01899280575539569
assam,785686,9.669090909090908,0,0,5,0.0,0.0,0.01874573960463531
assam,781350,9.708333333333334,0,0,4,0.0,0.0,0.01867704280155642
assam,783124,9.779220779220779,0,0,2,0.0,0.0,0.018554216867469882
assam,781303,9.875,0,0,2,0.0,0.0,0.01839080459770115
assam,784150,10.0,0,0,1,0.0,0.0,0.018181818181818184
assam,786005,10.0,0,0,2,0.0,0.0,0.018181818181818184
assam,782462,10.083333333333334,0,0,2,0.0,0.0,0.01804511278195489
assam,783360,10.13413699082872,5,1,10,0.1,0.5,0.2179627752168616
assam,782448,10.149395794670118,2,0,19,0.0,0.10526315789473684,0.04951713914878716
assam,788101,10.33095238095238,0,0,4,0.0,0.0,0.017650766967850392
assam,781009,10.442857142857141,0,0,7,0.0,0.0,0.017478152309612985
assam,783369,10.46969696969697,0,0,3,0.0,0.0,0.017437252311756937
assam,785112,10.496677740863788,0,0,4,0.0,0.0,0.017396330010114144
assam,782142,10.5,0,0,2,0.0,0.0,0.017391304347826087
assam,786110,10.698335913312693,0,0,4,0.0,0.0,0.01709644871561606
assam,781337,10.804347826086957,0,0,2,0.0,0.0,0.016942909760589316
assam,781032,11.0,0,0,1,0.0,0.0,0.016666666666666666
assam,781329,11.0,0,0,2,0.0,0.0,0.016666666666666666
assam,784153,11.0,0,0,2,0.0,0.0,0.016666666666666666
assam,785015,11.0,0,0,2,0.0,0.0,0.016666666666666666
assam,788121,11.0,0,0,1,0.0,0.0,0.016666666666666666
assam,782450,11.03277885440417,2,2,29,0.06896551724137931,0.06896551724137931,0.07179367829235062
assam,782412,11.14,0,0,5,0.0,0.0,0.016474464579901153
assam,788006,11.25,0,0,1,0.0,0.0,0.016326530612244896
assam,784178,11.375,0,0,4,0.0,0.0,0.016161616161616165
assam,788114,11.377692307692307,0,0,4,0.0,0.0,0.016158100801690386
assam,788712,11.427023203169213,0,0,5,0.0,0.0,0.016093958845187866
assam,788007,11.428571428571429,1,1,3,0.3333333333333333,0.3333333333333333,0.2827586206896552
assam,781382,11.5,0,0,2,0.0,0.0,0.016
assam,788817,11.505723443223443,0,0,4,0.0,0.0,0.01599267734553776
assam,785108,11.595238095238095,0,0,3,0.0,0.0,0.015879017013232518
assam,788001,11.604700854700853,0,0,3,0.0,0.0,0.0158670961179861
assam,786182,11.921732296843803,0,0,7,0.0,0.0,0.015477800917517149
assam,784104,12.0,0,0,1,0.0,0.0,0.015384615384615385
assam,788733,12.0,0,0,1,0.0,0.0,0.015384615384615385
assam,787061,12.074825174825175,0,0,5,0.0,0.0,0.015296571642509494
assam,784146,12.135930735930735,1,0,6,0.0,0.16666666666666666,0.06522541523859741
assam,784111,12.388888888888891,0,0,6,0.0,0.0,0.014937759336099582
assam,781123,12.460347985347985,0,0,6,0.0,0.0,0.014858456870335471
assam,783373,12.474747474747474,0,0,3,0.0,0.0,0.014842578710644677
assam,781340,12.5,0,0,2,0.0,0.0,0.014814814814814815
assam,784177,12.5,0,0,2,0.0,0.0,0.014814814814814815
assam,781354,12.59905175339958,0,0,9,0.0,0.0,0.014706907777595793
assam,781373,13.0,0,0,1,0.0,0.0,0.014285714285714285
assam,783123,13.0,0,0,1,0.0,0.0,0.014285714285714285
assam,784524,13.0,0,0,1,0.0,0.0,0.014285714285714285
assam,788009,13.016651477177794,0,0,6,0.0,0.0,0.014268743167770435
assam,783349,13.020833333333334,0,0,2,0.0,0.0,0.01426448736998514
assam,786010,13.11080328905756,0,0,5,0.0,0.0,0.014173537530290221
assam,784528,13.25,0,0,2,0.0,0.0,0.014035087719298246
assam,788162,13.361111111111112,0,0,3,0.0,0.0,0.013926499032882012
assam,785618,13.5,0,0,2,0.0,0.0,0.013793103448275862
assam,785630,13.574743980612883,1,1,8,0.125,0.125,0.1137223679720232
assam,785675,13.58138512223071,0,0,8,0.0,0.0,0.01371611807269811
assam,785622,13.695454545454545,0,0,4,0.0,0.0,0.01360965047943087
assam,785689,13.703448275862069,0,0,5,0.0,0.0,0.013602251407129458
assam,781025,13.850595238095238,1,1,8,0.125,0.125,0.11346747364623833
assam,788713,13.887500000000001,0,0,3,0.0,0.0,0.01343408900083963
assam,781301,14.0,0,0,2,0.0,0.0,0.013333333333333334
assam,784115,14.654567453115547,1,0,7,0.0,0.14285714285714285,0.05563296694803438
assam,781348,15.0,0,0,1,0.0,0.0,0.0125
assam,781375,15.0,1,1,2,0.5,0.5,0.41250000000000003
assam,788010,15.0,0,0,1,0.0,0.0,0.0125
assam,785626,15.166666666666666,0,0,3,0.0,0.0,0.01237113402061856
assam,787056,15.206457550125315,0,0,16,0.0,0.0,0.01234075981018156
assam,788107,15.433504065040648,0,0,5,0.0,0.0,0.012170258954416445
assam,788151,15.5,0,0,1,0.0,0.0,0.012121212121212123
assam,786001,15.769887955182071,0,0,4,0.0,0.0,0.011926138119378307
assam,787026,15.806597222222223,0,0,4,0.0,0.0,0.011900088837468752
assam,783130,15.901666666666667,0,0,5,0.0,0.0,0.011833152549058278
assam,781040,16.529411764705884,0,0,2,0.0,0.0,0.011409395973154362
assam,788819,16.548846153846153,0,0,5,0.0,0.0,0.011396760689942359
assam,786170,16.552083333333332,0,0,4,0.0,0.0,0.011394658753709201
assam,781001,16.575,0,0,4,0.0,0.0,0.011379800853485065
assam,784179,16.75,0,0,2,0.0,0.0,0.011267605633802818
assam,785673,17.0,0,0,2,0.0,0.0,0.011111111111111112
assam,781312,17.1,0,0,8,0.0,0.0,0.011049723756906077
assam,781368,17.2,0,0,3,0.0,0.0,0.01098901098901099
assam,788005,17.544563279857396,0,0,4,0.0,0.0,0.010784832027682992
assam,781310,18.0,0,0,2,0.0,0.0,0.010526315789473684
assam,781377,18.0,0,0,2,0.0,0.0,0.010526315789473684
assam,788015,18.0,0,0,1,0.0,0.0,0.010526315789473684
assam,782441,18.167951180994656,2,1,9,0.1111111111111111,0.2222222222222222,0.1326563055580721
assam,782120,18.3,0,0,1,0.0,0.0,0.010362694300518135
assam,781103,18.646103896103895,0,0,4,0.0,0.0,0.010180135514790946
assam,785601,18.815162755923627,0,0,6,0.0,0.0,0.010093280709501676
assam,784190,18.898511904761907,0,0,12,0.0,0.0,0.010051002856758251
assam,782402,18.91141333726473,0,0,6,0.0,0.0,0.010044490394144689
assam,788002,19.327443609022556,0,0,5,0.0,0.0,0.009838915499990754
assam,788737,19.766666666666666,0,0,3,0.0,0.0,0.009630818619582666
assam,788120,20.13888888888889,0,0,4,0.0,0.0,0.009461235216819974
assam,788728,20.19642857142857,0,0,4,0.0,0.0,0.009435551811288965
assam,785690,20.2,0,0,3,0.0,0.0,0.009433962264150945
assam,781325,20.292207792207794,0,0,7,0.0,0.0,0.009393107654772796
assam,784525,20.41780462184874,0,0,8,0.0,0.0,0.009338025233266715
assam,788734,20.5,1,1,2,0.5,0.5,0.40930232558139534
assam,784116,20.801031144781145,2,2,9,0.2222222222222222,0.2222222222222222,0.18695165577794184
assam,783126,20.925595238095237,0,0,4,0.0,0.0,0.009121759196416453
assam,783128,21.125,0,0,4,0.0,0.0,0.00903954802259887
assam,783131,21.203703703703706,0,0,6,0.0,0.0,0.009007506255212676
assam,785683,21.25,0,0,8,0.0,0.0,0.008988764044943821
assam,782410,21.42089386607041,4,3,39,0.07692307692307693,0.10256410256410256,0.07815102018930307
assam,783101,22.074597683018737,1,1,10,0.1,0.1,0.08866754006927652
assam,782105,22.191666666666666,0,0,8,0.0,0.0,0.008623787279913763
assam,783121,22.5625,0,0,2,0.0,0.0,0.008488063660477453
assam,781366,22.57851516675046,0,0,9,0.0,0.0,0.008482298337515015
assam,788725,22.65432098765432,0,0,6,0.0,0.0,0.008455114822546973
assam,788118,22.929824561403507,0,0,3,0.0,0.0,0.00835777126099707
assam,781104,23.0,0,0,2,0.0,0.0,0.008333333333333333
assam,784526,23.0,0,0,2,0.0,0.0,0.008333333333333333
assam,782461,23.19813902572523,0,0,6,0.0,0.0,0.008265098394028501
assam,787033,23.5,0,0,2,0.0,0.0,0.008163265306122448
assam,784522,23.650000000000002,0,0,6,0.0,0.0,0.008113590263691683
assam,782470,23.680555555555557,0,0,4,0.0,0.0,0.008103545301069218
assam,784125,23.842484367484367,0,0,4,0.0,0.0,0.00805072459909744
assam,787055,24.4780303030303,2,1,10,0.1,0.2,0.11784990038952158
assam,782104,24.483722943722945,0,0,5,0.0,0.0,0.00784814685207772
assam,783372,24.5,0,0,9,0.0,0.0,0.00784313725490196
assam,788723,24.706666666666667,0,0,5,0.0,0.0,0.007780082987551867
assam,784168,24.775,0,0,10,0.0,0.0,0.0077594568380213395
assam,784028,25.0,0,0,1,0.0,0.0,0.007692307692307693
assam,784174,25.240000000000002,0,0,5,0.0,0.0,0.007621951219512195
assam,788104,25.56142376142376,0,0,5,0.0,0.0,0.007529716847877265
assam,783381,25.692307692307693,0,0,4,0.0,0.0,0.007492795389048991
assam,782101,25.75,0,0,2,0.0,0.0,0.007476635514018691
assam,782486,25.833734051403223,0,0,21,0.0,0.0,0.007453304844449756
assam,781334,25.895833333333332,0,0,2,0.0,0.0,0.007436096049573975
assam,783125,26.055555555555554,0,0,3,0.0,0.0,0.007392197125256674
assam,787053,26.145833333333332,0,0,12,0.0,0.0,0.007367613200306985
assam,783330,26.24429487179487,0,0,8,0.0,0.0,0.00734098646858552
assam,786003,26.277951933124346,0,0,3,0.0,0.0,0.007331928749281748
assam,785006,26.416666666666668,0,0,3,0.0,0.0,0.00729483282674772
assam,786125,26.46173076923077,0,0,5,0.0,0.0,0.0072828621648307786
assam,782485,26.77477532949231,0,0,13,0.0,0.0,0.007200778318722615
assam,784160,26.871209408803395,0,0,7,0.0,0.0,0.007175863704602214
assam,783333,26.967948717948715,0,0,2,0.0,0.0,0.007151042860417145
assam,788115,27.0,0,0,1,0.0,0.0,0.007142857142857143
assam,788735,27.0,0,0,2,0.0,0.0,0.007142857142857143
assam,781307,27.291666666666668,0,0,2,0.0,0.0,0.007069219440353461
assam,788013,27.75,0,0,1,0.0,0.0,0.006956521739130435
assam,783345,27.833333333333332,0,0,2,0.0,0.0,0.006936416184971099
assam,788719,28.5,0,0,2,0.0,0.0,0.006779661016949153
assam,787032,28.96272981920041,1,0,9,0.0,0.1111111111111111,0.04000829256457928
assam,783390,29.25486111111111,0,0,8,0.0,0.0,0.006610507953267382
assam,788722,29.440625,0,0,8,0.0,0.0,0.006570167333949287
assam,784114,29.88071967714825,0,0,14,0.0,0.0,0.006476532998290197
assam,781026,29.94666666666667,1,0,5,0.0,0.2,0.06646273158121499
assam,788127,30.0,0,0,1,0.0,0.0,0.0064516129032258064
assam,788720,30.166975881261596,0,0,7,0.0,0.0,0.006417048633847253
assam,787059,30.483523391812867,0,0,4,0.0,0.0,0.006352529147103308
assam,788815,31.237142857142857,0,0,5,0.0,0.0,0.0062040237525480815
assam,782481,32.166666666666664,0,0,12,0.0,0.0,0.006030150753768845
assam,781127,32.21527777777778,0,0,4,0.0,0.0,0.006021325527911353
assam,784176,32.51136363636364,0,0,4,0.0,0.0,0.0059681247880637505
assam,784161,32.550549450549454,0,0,5,0.0,0.0,0.005961154236677475
assam,788116,32.77164502164502,0,0,4,0.0,0.0,0.00592212786412434
assam,781126,32.82996894409938,0,0,4,0.0,0.0,0.005911917930828725
assam,782401,33.0,0,0,3,0.0,0.0,0.0058823529411764705
assam,785631,33.166666666666664,0,0,3,0.0,0.0,0.005853658536585367
assam,788113,33.44230769230769,0,0,4,0.0,0.0,0.0058068118369625915
assam,782144,34.0,0,0,1,0.0,0.0,0.005714285714285714
assam,788806,35.14832535885168,0,0,11,0.0,0.0,0.005532759761747187
assam,784101,35.874213836477985,0,0,3,0.0,0.0,0.005423844448234693
assam,788701,35.8974358974359,0,0,3,0.0,0.0,0.005420430854760251
assam,782480,36.38224591329069,0,0,5,0.0,0.0,0.005350133335057138
assam,784523,36.56944444444444,0,0,3,0.0,0.0,0.005323475046210721
assam,783334,37.45773426573427,1,1,5,0.2,0.2,0.1652005143781494
assam,787051,38.05555555555555,0,0,3,0.0,0.0,0.00512091038406828
assam,787001,38.07222222222222,1,1,6,0.16666666666666666,0.16666666666666666,0.13845205933930518
assam,788119,38.18970588235294,0,0,4,0.0,0.0,0.005103380989905813
assam,782121,38.45609945609946,1,1,6,0.16666666666666666,0.16666666666666666,0.1384022581068662
assam,784527,38.5,1,1,2,0.5,0.5,0.40506329113924056
assam,783393,38.98717948717949,0,0,3,0.0,0.0,0.005001603077909586
assam,784509,39.80277777777778,1,1,8,0.125,0.125,0.10490162706787393
assam,784110,39.896014929658335,0,0,9,0.0,0.0,0.004890452048787701
assam,788004,40.0,0,0,1,0.0,0.0,0.004878048780487806
assam,783380,40.2226430976431,0,0,8,0.0,0.0,0.004851702486089132
assam,783336,41.5,0,0,1,0.0,0.0,0.004705882352941177
assam,783348,41.74896744251583,0,0,6,0.0,0.0,0.004678475574151313
assam,786158,42.0,0,0,1,0.0,0.0,0.004651162790697674
assam,783375,42.216857610474634,0,0,3,0.0,0.0,0.004627823748840204
assam,783392,42.22222222222222,0,0,4,0.0,0.0,0.004627249357326478
assam,783346,45.5,0,0,4,0.0,0.0,0.004301075268817205
assam,783324,46.25,0,0,1,0.0,0.0,0.004232804232804233
assam,781314,46.59022774327123,0,0,5,0.0,0.0,0.004202543452385095
assam,788163,46.84704618689581,2,2,7,0.2857142857142857,0.2857142857142857,0.23275141492249352
assam,787034,47.438131313131315,1,1,6,0.16666666666666666,0.16666666666666666,0.1374623117761037
assam,782411,47.5021645021645,0,0,7,0.0,0.0,0.0041235273116744025
assam,784145,48.19237012987013,0,0,8,0.0,0.0,0.004065671149245112
assam,781376,49.5,0,0,2,0.0,0.0,0.0039603960396039604
assam,787052,49.743421052631575,0,0,4,0.0,0.0,0.003941397640347465
assam,788150,50.25,0,0,4,0.0,0.0,0.003902439024390244
assam,782103,50.44166666666666,0,0,6,0.0,0.0,0.00388789891462822
assam,782460,50.903829966329965,0,0,6,0.0,0.0,0.003853280193961411
assam,784508,52.81818181818182,0,0,2,0.0,0.0,0.0037162162162162164
assam,781305,52.95238095238095,0,0,4,0.0,0.0,0.0037069726390114746
assam,783347,53.0,0,0,2,0.0,0.0,0.003703703703703704
assam,782127,53.41430375180375,0,0,8,0.0,0.0,0.003675504163615625
assam,781136,53.43611742206923,0,0,5,0.0,0.0,0.0036740313136093897
assam,783337,55.11212121212122,1,1,11,0.09090909090909091,0.09090909090909091,0.07629156499923903
assam,782122,55.43138528138528,0,0,6,0.0,0.0,0.003544127066928001
assam,783132,56.77930402930403,0,0,6,0.0,0.0,0.0034614470243283938
assam,783371,57.84575225439013,0,0,7,0.0,0.0,0.003398716004774656
assam,781102,58.37979797979798,0,0,6,0.0,0.0,0.0033681488789847926
assam,781302,60.916666666666664,0,0,3,0.0,0.0,0.003230148048452221
assam,782446,62.90738636363636,0,0,32,0.0,0.0,0.0031295287036460792
assam,781360,63.726027397260275,0,0,3,0.0,0.0,0.0030899470899470897
assam,781313,63.8780193236715,1,1,6,0.16666666666666666,0.16666666666666666,0.13641604149990383
assam,788003,64.62426470588235,0,0,5,0.0,0.0,0.0030476531949937815
assam,783391,64.83333333333334,0,0,8,0.0,0.0,0.0030379746835443033
assam,781317,66.17854406130269,1,1,9,0.1111111111111111,0.1111111111111111,0.09186602992096443
assam,783383,68.05555555555556,0,0,3,0.0,0.0,0.0028962188254223653
assam,783370,69.58075897025478,0,0,7,0.0,0.0,0.0028336334564535793
assam,783331,71.27777777777777,0,0,6,0.0,0.0,0.002767102229054574
assam,788112,71.45,0,0,2,0.0,0.0,0.0027605244996549345
assam,786157,73.0,0,0,1,0.0,0.0,0.002702702702702703
assam,782447,75.7564935064935,0,0,11,0.0,0.0,0.002605642739308828
assam,788026,76.0,0,0,1,0.0,0.0,0.002597402597402598
assam,782425,78.02597402597402,0,0,11,0.0,0.0,0.002530813475760066
assam,784506,84.5,0,0,2,0.0,0.0,0.0023391812865497076
assam,783384,84.59369559651817,0,0,8,0.0,0.0,0.002336620689247769
assam,782126,84.71907814407814,0,0,14,0.0,0.0,0.0023332028800384023
assam,787054,85.56666666666666,0,0,3,0.0,0.0,0.0023103581055063534
assam,783385,87.0,0,0,2,0.0,0.0,0.002272727272727273
assam,782136,87.57142857142857,0,0,3,0.0,0.0,0.0022580645161290325
assam,781316,87.66666666666667,2,2,9,0.2222222222222222,0.2222222222222222,0.18003341687552213
assam,788110,92.33333333333333,0,0,1,0.0,0.0,0.002142857142857143
assam,788025,94.0,0,0,1,0.0,0.0,0.002105263157894737
assam,781352,95.6111111111111,1,1,3,0.3333333333333333,0.3333333333333333,0.2687368219283113
assam,782123,96.51785714285714,0,0,10,0.0,0.0,0.00205090642739425
assam,783382,105.0,0,0,2,0.0,0.0,0.0018867924528301887
assam,781315,106.88618925831202,0,0,14,0.0,0.0,0.0018538053978451293
assam,783129,110.31613579413626,0,0,7,0.0,0.0,0.0017966847175675616
assam,781138,115.5,0,0,2,0.0,0.0,0.0017167381974248928
assam,783388,116.875,0,0,2,0.0,0.0,0.0016967126193001064
assam,782139,118.5,0,0,2,0.0,0.0,0.0016736401673640166
assam,787031,120.05011491776197,0,0,6,0.0,0.0,0.0016522082621389857
assam,783354,122.0,0,0,1,0.0,0.0,0.0016260162601626018
assam,784001,127.0,0,0,1,0.0,0.0,0.0015625
assam,783339,130.05208333333331,1,0,4,0.0,0.25,0.07652611080200301
assam,782435,140.05510641808283,0,0,19,0.0,0.0,0.0014178855702480307
assam,788801,140.5,0,0,2,0.0,0.0,0.001413427561837456
assam,782003,164.83333333333334,0,0,2,0.0,0.0,0.001206030150753769
assam,781309,173.9375,0,0,6,0.0,0.0,0.001143265451947124
assam,782125,211.36666666666665,0,0,5,0.0,0.0,0.0009417673834562865
assam,781308,254.05116959064324,0,0,6,0.0,0.0,0.0007841563727035626
assam,782124,287.934778708134,0,0,8,0.0,0.0,0.0006921977371302504
assam,782002,445.3333333333333,0,0,3,0.0,0.0,0.0004480955937266617
assam,781321,590.25,0,0,2,0.0,0.0,0.00033826638477801266
dadra and nagar haveli and daman and diu,362520,0.0,1,1,1,1.0,1.0,1.0
dadra and nagar haveli and daman and diu,396220,1.2,0,0,1,0.0,0.0,0.09090909090909091
dadra and nagar haveli and daman and diu,396240,3.0,0,0,1,0.0,0.0,0.05
dadra and nagar haveli and daman and diu,362570,4.0,0,0,1,0.0,0.0,0.04000000000000001
dadra and nagar haveli and daman and diu,396235,4.0,0,0,1,0.0,0.0,0.04000000000000001
dadra and nagar haveli and daman and diu,396210,8.5,0,0,2,0.0,0.0,0.021052631578947368
dadra and nagar haveli and daman and diu,396230,35.8,0,0,2,0.0,0.0,0.005434782608695653
goa,403731,1.0,0,0,1,0.0,0.0,0.1
goa,403803,4.0,0,0,1,0.0,0.0,0.04000000000000001
goa,403403,4.666666666666667,0,0,3,0.0,0.0,0.03529411764705882
goa,403106,5.0,0,0,1,0.0,0.0,0.03333333333333333
goa,403004,5.5,0,0,1,0.0,0.0,0.03076923076923077
goa,403527,7.333333333333333,0,0,1,0.0,0.0,0.024000000000000007
goa,403716,8.0,0,0,1,0.0,0.0,0.022222222222222223
goa,403721,8.0,0,0,2,0.0,0.0,0.022222222222222223
goa,403206,9.0,0,0,1,0.0,0.0,0.020000000000000004
goa,403410,9.0,0,0,1,0.0,0.0,0.020000000000000004
goa,403711,9.0,0,0,1,0.0,0.0,0.020000000000000004
goa,403717,10.0,0,0,1,0.0,0.0,0.018181818181818184
goa,403501,12.25,1,1,4,0.25,0.25,0.21509433962264152
goa,403001,13.238636363636363,0,0,4,0.0,0.0,0.014046288906624103
goa,403402,13.5,0,0,2,0.0,0.0,0.013793103448275862
goa,403204,14.0,0,0,1,0.0,0.0,0.013333333333333334
goa,403105,15.0,0,0,1,0.0,0.0,0.0125
goa,403712,15.0,0,0,1,0.0,0.0,0.0125
goa,403005,15.666666666666668,0,0,2,0.0,0.0,0.012
goa,403713,16.0,0,0,2,0.0,0.0,0.011764705882352941
goa,403720,16.5,0,0,1,0.0,0.0,0.011428571428571429
goa,403516,17.3,0,0,5,0.0,0.0,0.01092896174863388
goa,403524,17.666666666666668,0,0,3,0.0,0.0,0.010714285714285714
goa,403002,17.791666666666664,0,0,4,0.0,0.0,0.010643015521064303
goa,403503,19.0,0,0,1,0.0,0.0,0.010000000000000002
goa,403704,19.0,0,0,1,0.0,0.0,0.010000000000000002
goa,403509,19.333333333333332,0,0,3,0.0,0.0,0.009836065573770494
goa,403513,19.5,1,1,2,0.5,0.5,0.40975609756097564
goa,403110,20.0,0,0,2,0.0,0.0,0.009523809523809525
goa,403702,20.0,0,0,2,0.0,0.0,0.009523809523809525
goa,403511,25.5,0,0,2,0.0,0.0,0.007547169811320755
goa,403108,26.0,0,0,1,0.0,0.0,0.007407407407407408
goa,403517,26.333333333333332,0,0,3,0.0,0.0,0.007317073170731709
goa,403709,27.333333333333336,0,0,2,0.0,0.0,0.007058823529411765
goa,403502,28.5,0,0,1,0.0,0.0,0.006779661016949153
goa,403726,29.0,0,0,2,0.0,0.0,0.006666666666666667
goa,403103,33.0,0,0,2,0.0,0.0,0.0058823529411764705
goa,403114,33.5,0,0,2,0.0,0.0,0.005797101449275362
goa,403706,35.5,0,0,4,0.0,0.0,0.005479452054794521
goa,403521,37.666666666666664,0,0,3,0.0,0.0,0.005172413793103449
goa,403708,39.9,0,0,2,0.0,0.0,0.00488997555012225
goa,403602,47.25,0,0,2,0.0,0.0,0.0041450777202072546
goa,403508,50.0,0,0,1,0.0,0.0,0.00392156862745098
goa,403705,51.0,0,0,3,0.0,0.0,0.0038461538461538464
goa,403703,59.0,0,0,3,0.0,0.0,0.0033333333333333335
goa,403512,72.83333333333333,0,0,3,0.0,0.0,0.0027088036117381494
goa,403802,80.4,0,0,4,0.0,0.0,0.002457002457002457
goa,403601,84.625,0,0,4,0.0,0.0,0.002335766423357664
goa,403507,85.28571428571429,0,0,7,0.0,0.0,0.0023178807947019865
goa,403707,85.5,0,0,2,0.0,0.0,0.0023121387283236996
goa,403401,118.625,0,0,2,0.0,0.0,0.0016718913270637411
ladakh,194105,6.0,0,0,1,0.0,0.0,0.02857142857142857
ladakh,194301,7.0,0,0,1,0.0,0.0,0.025
ladakh,194101,9.977777777777778,0,0,3,0.0,0.0,0.01821862348178138
ladakh,194103,11.25,0,0,2,0.0,0.0,0.016326530612244896
ladakh,194109,17.0,0,0,2,0.0,0.0,0.011111111111111112
ladakh,194106,38.0,0,0,1,0.0,0.0,0.005128205128205128
meghalaya,793116,0.10745341614906832,1,1,4,0.25,0.25,0.38059450364554126
meghalaya,793009,0.23528751372604342,0,0,7,0.0,0.0,0.16190562745731363
meghalaya,793122,0.23763736263736263,1,1,4,0.25,0.25,0.36159822419533855
meghalaya,794102,0.3076674038989496,1,0,7,0.0,0.14285714285714285,0.19580123200678345
meghalaya,793012,0.3622999701932046,0,0,6,0.0,0.0,0.14681054420902287
meghalaya,793022,0.3815172315172315,0,0,6,0.0,0.0,0.14476837164047016
meghalaya,793123,0.39999999999999997,1,1,3,0.3333333333333333,0.3333333333333333,0.4095238095238095
meghalaya,793105,0.40079403452152573,0,0,8,0.0,0.0,0.1427761648544675
meghalaya,794107,0.4332750582750583,0,0,4,0.0,0.0,0.13954055702378534
meghalaya,781131,0.5291666666666667,1,0,3,0.0,0.3333333333333333,0.23079019073569484
meghalaya,793200,0.5799702391341321,2,1,10,0.1,0.2,0.23658466282858948
meghalaya,793161,0.65,1,1,4,0.25,0.25,0.3212121212121212
meghalaya,793121,0.6701422036616705,0,0,9,0.0,0.0,0.11975028207868404
meghalaya,793008,0.69684024508713,1,0,7,0.0,0.14285714285714285,0.16072327703156555
meghalaya,794003,0.75,1,1,2,0.5,0.5,0.5142857142857143
meghalaya,793103,0.8277429907863838,0,0,8,0.0,0.0,0.10942457501311512
meghalaya,793102,0.8468485175891514,0,0,8,0.0,0.0,0.10829258496039351
meghalaya,793017,0.8479758828596038,1,1,5,0.2,0.2,0.26822652062456304
meghalaya,793015,0.9508283012416354,0,0,8,0.0,0.0,0.10252055492157196
meghalaya,793160,0.9592352071062114,0,0,8,0.0,0.0,0.10208064824202492
meghalaya,793114,0.9815419536821701,0,0,8,0.0,0.0,0.10093149914305527
meghalaya,793010,1.043819312923141,0,0,7,0.0,0.0,0.09785600847168487
meghalaya,783134,1.0721604938271603,1,0,10,0.0,0.1,0.12651762042360512
meghalaya,793016,1.0732323232323233,0,0,3,0.0,0.0,0.09646772228989037
meghalaya,793110,1.0757852294371366,0,0,8,0.0,0.0,0.09634908138075121
meghalaya,793112,1.1507347670250896,0,0,5,0.0,0.0,0.09299147578138672
meghalaya,794112,1.193162393162393,0,0,5,0.0,0.0,0.09119251753702262
meghalaya,794115,1.2277928207503286,1,0,10,0.0,0.1,0.11977495489577855
meghalaya,793104,1.3333333333333335,1,1,4,0.25,0.25,0.2857142857142857
meghalaya,794005,1.506409806865832,0,0,18,0.0,0.0,0.07979541073137286
meghalaya,793111,1.542567532260996,0,0,8,0.0,0.0,0.07866064419620296
meghalaya,794002,1.5704893293117972,5,4,30,0.13333333333333333,0.16666666666666666,0.19447286400013175
meghalaya,794108,1.6046986697513015,0,0,13,0.0,0.0,0.07678431379515242
meghalaya,793019,1.6375593761077631,0,0,5,0.0,0.0,0.07582767683324698
meghalaya,793101,1.8942850799993656,0,0,7,0.0,0.0,0.0691016933273359
meghalaya,793018,1.923076923076923,0,0,4,0.0,0.0,0.06842105263157895
meghalaya,794111,1.9532084846443878,0,0,8,0.0,0.0,0.06772295320155262
meghalaya,794101,2.0281681963832217,0,0,8,0.0,0.0,0.06604652946255617
meghalaya,794110,2.2804103228489097,0,0,19,0.0,0.0,0.06096798275720207
meghalaya,793021,2.587046826423204,0,0,7,0.0,0.0,0.05575617204847824
meghalaya,793109,2.6159656553124977,0,0,16,0.0,0.0,0.05531025984889109
meghalaya,793002,2.8376649259241824,1,1,8,0.125,0.125,0.1521150240733527
meghalaya,793119,3.435517813259145,7,0,31,0.0,0.22580645161290322,0.11283249952176924
meghalaya,793113,4.094345892203035,0,0,7,0.0,0.0,0.03925921094327394
meghalaya,793001,4.224956880657524,0,0,8,0.0,0.0,0.03827782784971642
meghalaya,794109,4.381720929077559,1,1,9,0.1111111111111111,0.1111111111111111,0.12605172260614753
meghalaya,794106,4.540502350151473,1,1,9,0.1111111111111111,0.1111111111111111,0.12498669868307336
meghalaya,793014,4.840422077922078,0,0,5,0.0,0.0,0.03424410039747617
meghalaya,793005,4.937776231289527,0,0,9,0.0,0.0,0.033682643503149555
meghalaya,794114,5.05,0,0,2,0.0,0.0,0.03305785123966942
meghalaya,793151,6.100364774774447,2,2,11,0.18181818181818182,0.18181818181818182,0.17362211238160566
meghalaya,794103,6.178791503837399,1,0,26,0.0,0.038461538461538464,0.03939830394969339
meghalaya,793120,6.193712532143686,13,8,29,0.27586206896551724,0.4482758620689655,0.30021584928881007
meghalaya,793004,6.212939266615737,0,0,8,0.0,0.0,0.02772794731901835
meghalaya,794001,6.640420992958587,0,0,7,0.0,0.0,0.026176568043085588
meghalaya,793107,6.75,0,0,3,0.0,0.0,0.025806451612903226
meghalaya,793108,7.529825417479939,0,0,8,0.0,0.0,0.0234471387409812
meghalaya,793003,8.238636363636363,0,0,4,0.0,0.0,0.021648216482164823
meghalaya,793006,8.440457057080401,0,0,8,0.0,0.0,0.021185414942383407
meghalaya,793011,9.0,0,0,1,0.0,0.0,0.020000000000000004
meghalaya,793150,9.870804498308045,4,2,15,0.13333333333333333,0.26666666666666666,0.16506456905108802
meghalaya,794105,10.338715606204842,0,0,28,0.0,0.0,0.017638682099986244
meghalaya,794104,10.874506730109326,3,2,11,0.18181818181818182,0.2727272727272727,0.18957007761556965
meghalaya,793106,15.000272673909397,3,2,28,0.07142857142857142,0.10714285714285714,0.0803569298342815
meghalaya,793007,26.166666666666668,0,0,3,0.0,0.0,0.007361963190184048
mizoram,796310,3.260044642857143,3,2,8,0.25,0.375,0.2844478648153
mizoram,796810,3.4444444444444446,0,0,2,0.0,0.0,0.045
mizoram,796370,3.75,0,0,4,0.0,0.0,0.042105263157894736
mizoram,796691,4.0,0,0,1,0.0,0.0,0.04000000000000001
mizoram,796901,4.45,0,0,8,0.0,0.0,0.03669724770642201
mizoram,796091,5.0,0,0,2,0.0,0.0,0.03333333333333333
mizoram,796710,5.0,0,0,1,0.0,0.0,0.03333333333333333
mizoram,796017,5.166666666666667,0,0,1,0.0,0.0,0.03243243243243243
mizoram,796101,5.5,0,0,3,0.0,0.0,0.03076923076923077
mizoram,796441,5.666666666666667,0,0,3,0.0,0.0,0.03
mizoram,796186,7.25,0,0,2,0.0,0.0,0.024242424242424246
mizoram,796190,7.75,0,0,2,0.0,0.0,0.022857142857142857
mizoram,796751,8.0,0,0,2,0.0,0.0,0.022222222222222223
mizoram,796320,8.5,0,0,1,0.0,0.0,0.021052631578947368
mizoram,796081,10.187037037037037,2,2,9,0.2222222222222222,0.2222222222222222,0.1956556125733414
mizoram,796261,10.596666666666668,0,0,10,0.0,0.0,0.01724633515377982
mizoram,796008,11.4,0,0,3,0.0,0.0,0.016129032258064516
mizoram,796730,13.5,0,0,1,0.0,0.0,0.013793103448275862
mizoram,796770,15.098015873015873,0,0,6,0.0,0.0,0.012423891340251928
mizoram,796014,15.4375,1,1,4,0.25,0.25,0.21216730038022816
mizoram,796911,16.472222222222225,0,0,3,0.0,0.0,0.011446740858505562
mizoram,796321,17.155882352941177,0,0,6,0.0,0.0,0.011015713591446624
mizoram,796161,19.0,0,0,2,0.0,0.0,0.010000000000000002
mizoram,796070,20.0,0,0,1,0.0,0.0,0.009523809523809525
mizoram,796007,22.0,0,0,2,0.0,0.0,0.008695652173913044
mizoram,796012,24.5,0,0,2,0.0,0.0,0.00784313725490196
mizoram,796772,26.0,0,0,1,0.0,0.0,0.007407407407407408
mizoram,796005,27.0,1,1,4,0.25,0.25,0.20714285714285716
mizoram,796701,28.473958333333332,0,0,4,0.0,0.0,0.00678565117511928
mizoram,796891,29.17235255783643,2,2,9,0.2222222222222222,0.2222222222222222,0.1844063626591398
mizoram,796009,37.38095238095238,0,0,3,0.0,0.0,0.005210918114143921
mizoram,796181,49.75,0,0,4,0.0,0.0,0.00394088669950739
mizoram,796001,60.11111111111111,0,0,3,0.0,0.0,0.003272727272727273
sikkim,737132,4.666666666666667,0,0,9,0.0,0.0,0.03529411764705882
sikkim,737133,6.333333333333333,0,0,6,0.0,0.0,0.02727272727272728
sikkim,737106,6.75,0,0,2,0.0,0.0,0.025806451612903226
sikkim,737139,6.9375,0,0,8,0.0,0.0,0.025196850393700787
sikkim,737113,9.0,3,3,15,0.2,0.2,0.18
sikkim,737111,11.96031746031746,2,2,21,0.09523809523809523,0.09523809523809523,0.09162219694981483
sikkim,737116,12.0,0,0,2,0.0,0.0,0.015384615384615385
sikkim,737135,12.5,0,0,2,0.0,0.0,0.014814814814814815
sikkim,737121,12.986324786324786,3,3,18,0.16666666666666666,0.16666666666666666,0.14763301556261713
sikkim,737131,15.0,0,0,2,0.0,0.0,0.0125
sikkim,737126,15.946969696969697,0,0,9,0.0,0.0,0.011801519892713457
sikkim,737103,16.0,0,0,2,0.0,0.0,0.011764705882352941
sikkim,737134,17.047619047619047,0,0,21,0.0,0.0,0.01108179419525066
sikkim,737101,24.583333333333336,0,0,8,0.0,0.0,0.007817589576547232
sikkim,737102,27.25,0,0,4,0.0,0.0,0.007079646017699115
